{
  "id": "cult-of-the-marsh-dragon-adventure",
  "title": "Cult of the Marsh Dragon Adventure",
  "description": "cult-of-the-marsh-dragon-adventure",
  "version": "1.0.0",
  "compatibility": {
    "minimum": "10",
    "verified": "12"
  },
  "authors": [
    {
      "name": "mccaffertyt"
    }
  ],
  "packs": [
    {
      "name": "adventure",
      "label": "Cult of the Marsh Dragon Adventure",
      "path": "/packs/cult-of-the-marsh-dragon-adventure.db",
      "entity": "Adventure",
      "type": "Adventure",
      "system": "dnd5e"
    }
  ],
  "url": "https://github.com/mccaffertyt/cult-of-the-marsh-dragon-adventure",
  "manifest": "https://raw.githubusercontent.com/mccaffertyt/cult-of-the-marsh-dragon-adventure/main/module.json",
  "download": "https://github.com/mccaffertyt/cult-of-the-marsh-dragon-adventure/raw/main/cult-of-the-marsh-dragon-adventure.zip",
  "manifestPlusVersion": "1.2.0"
}